state_code,avg_newspapers_per_county_by_state
56,1.782608696
56,1.782608696
56,1.782608696
56,1.782608696
56,1.782608696
56,1.782608696
56,1.782608696
56,1.782608696
56,1.782608696
56,1.782608696
56,1.782608696
56,1.782608696
56,1.782608696
56,1.782608696
56,1.782608696
56,1.782608696
56,1.782608696
56,1.782608696
56,1.782608696
56,1.782608696
56,1.782608696
56,1.782608696
56,1.782608696
55,2.875
55,2.875
55,2.875
55,2.875
55,2.875
55,2.875
55,2.875
55,2.875
55,2.875
55,2.875
55,2.875
55,2.875
55,2.875
55,2.875
55,2.875
55,2.875
55,2.875
55,2.875
55,2.875
55,2.875
55,2.875
55,2.875
55,2.875
55,2.875
55,2.875
55,2.875
55,2.875
55,2.875
55,2.875
55,2.875
55,2.875
55,2.875
55,2.875
55,2.875
55,2.875
55,2.875
55,2.875
55,2.875
55,2.875
55,2.875
55,2.875
55,2.875
55,2.875
55,2.875
55,2.875
55,2.875
55,2.875
55,2.875
55,2.875
55,2.875
55,2.875
55,2.875
55,2.875
55,2.875
55,2.875
55,2.875
55,2.875
55,2.875
55,2.875
55,2.875
55,2.875
55,2.875
55,2.875
55,2.875
55,2.875
55,2.875
55,2.875
55,2.875
55,2.875
55,2.875
55,2.875
55,2.875
54,1.218181818
54,1.218181818
54,1.218181818
54,1.218181818
54,1.218181818
54,1.218181818
54,1.218181818
54,1.218181818
54,1.218181818
54,1.218181818
54,1.218181818
54,1.218181818
54,1.218181818
54,1.218181818
54,1.218181818
54,1.218181818
54,1.218181818
54,1.218181818
54,1.218181818
54,1.218181818
54,1.218181818
54,1.218181818
54,1.218181818
54,1.218181818
54,1.218181818
54,1.218181818
54,1.218181818
54,1.218181818
54,1.218181818
54,1.218181818
54,1.218181818
54,1.218181818
54,1.218181818
54,1.218181818
54,1.218181818
54,1.218181818
54,1.218181818
54,1.218181818
54,1.218181818
54,1.218181818
54,1.218181818
54,1.218181818
54,1.218181818
54,1.218181818
54,1.218181818
54,1.218181818
54,1.218181818
54,1.218181818
54,1.218181818
54,1.218181818
54,1.218181818
54,1.218181818
54,1.218181818
54,1.218181818
54,1.218181818
53,3.307692308
53,3.307692308
53,3.307692308
53,3.307692308
53,3.307692308
53,3.307692308
53,3.307692308
53,3.307692308
53,3.307692308
53,3.307692308
53,3.307692308
53,3.307692308
53,3.307692308
53,3.307692308
53,3.307692308
53,3.307692308
53,3.307692308
53,3.307692308
53,3.307692308
53,3.307692308
53,3.307692308
53,3.307692308
53,3.307692308
53,3.307692308
53,3.307692308
53,3.307692308
53,3.307692308
53,3.307692308
53,3.307692308
53,3.307692308
53,3.307692308
53,3.307692308
53,3.307692308
53,3.307692308
53,3.307692308
53,3.307692308
53,3.307692308
53,3.307692308
53,3.307692308
51,0.69924812
51,0.69924812
51,0.69924812
51,0.69924812
51,0.69924812
51,0.69924812
51,0.69924812
51,0.69924812
51,0.69924812
51,0.69924812
51,0.69924812
51,0.69924812
51,0.69924812
51,0.69924812
51,0.69924812
51,0.69924812
51,0.69924812
51,0.69924812
51,0.69924812
51,0.69924812
51,0.69924812
51,0.69924812
51,0.69924812
51,0.69924812
51,0.69924812
51,0.69924812
51,0.69924812
51,0.69924812
51,0.69924812
51,0.69924812
51,0.69924812
51,0.69924812
51,0.69924812
51,0.69924812
51,0.69924812
51,0.69924812
51,0.69924812
51,0.69924812
51,0.69924812
51,0.69924812
51,0.69924812
51,0.69924812
51,0.69924812
51,0.69924812
51,0.69924812
51,0.69924812
51,0.69924812
51,0.69924812
51,0.69924812
51,0.69924812
51,0.69924812
51,0.69924812
51,0.69924812
51,0.69924812
51,0.69924812
51,0.69924812
51,0.69924812
51,0.69924812
51,0.69924812
51,0.69924812
51,0.69924812
51,0.69924812
51,0.69924812
51,0.69924812
51,0.69924812
51,0.69924812
51,0.69924812
51,0.69924812
51,0.69924812
51,0.69924812
51,0.69924812
51,0.69924812
51,0.69924812
51,0.69924812
51,0.69924812
51,0.69924812
51,0.69924812
51,0.69924812
51,0.69924812
51,0.69924812
51,0.69924812
51,0.69924812
51,0.69924812
51,0.69924812
51,0.69924812
51,0.69924812
51,0.69924812
51,0.69924812
51,0.69924812
51,0.69924812
51,0.69924812
51,0.69924812
51,0.69924812
51,0.69924812
51,0.69924812
51,0.69924812
51,0.69924812
51,0.69924812
51,0.69924812
51,0.69924812
51,0.69924812
51,0.69924812
51,0.69924812
51,0.69924812
51,0.69924812
51,0.69924812
51,0.69924812
51,0.69924812
51,0.69924812
51,0.69924812
51,0.69924812
51,0.69924812
51,0.69924812
51,0.69924812
51,0.69924812
51,0.69924812
51,0.69924812
51,0.69924812
51,0.69924812
51,0.69924812
51,0.69924812
51,0.69924812
51,0.69924812
51,0.69924812
51,0.69924812
51,0.69924812
51,0.69924812
51,0.69924812
51,0.69924812
51,0.69924812
51,0.69924812
51,0.69924812
51,0.69924812
50,2.642857143
50,2.642857143
50,2.642857143
50,2.642857143
50,2.642857143
50,2.642857143
50,2.642857143
50,2.642857143
50,2.642857143
50,2.642857143
50,2.642857143
50,2.642857143
50,2.642857143
50,2.642857143
49,1.103448276
49,1.103448276
49,1.103448276
49,1.103448276
49,1.103448276
49,1.103448276
49,1.103448276
49,1.103448276
49,1.103448276
49,1.103448276
49,1.103448276
49,1.103448276
49,1.103448276
49,1.103448276
49,1.103448276
49,1.103448276
49,1.103448276
49,1.103448276
49,1.103448276
49,1.103448276
49,1.103448276
49,1.103448276
49,1.103448276
49,1.103448276
49,1.103448276
49,1.103448276
49,1.103448276
49,1.103448276
49,1.103448276
48,1.897637795
48,1.897637795
48,1.897637795
48,1.897637795
48,1.897637795
48,1.897637795
48,1.897637795
48,1.897637795
48,1.897637795
48,1.897637795
48,1.897637795
48,1.897637795
48,1.897637795
48,1.897637795
48,1.897637795
48,1.897637795
48,1.897637795
48,1.897637795
48,1.897637795
48,1.897637795
48,1.897637795
48,1.897637795
48,1.897637795
48,1.897637795
48,1.897637795
48,1.897637795
48,1.897637795
48,1.897637795
48,1.897637795
48,1.897637795
48,1.897637795
48,1.897637795
48,1.897637795
48,1.897637795
48,1.897637795
48,1.897637795
48,1.897637795
48,1.897637795
48,1.897637795
48,1.897637795
48,1.897637795
48,1.897637795
48,1.897637795
48,1.897637795
48,1.897637795
48,1.897637795
48,1.897637795
48,1.897637795
48,1.897637795
48,1.897637795
48,1.897637795
48,1.897637795
48,1.897637795
48,1.897637795
48,1.897637795
48,1.897637795
48,1.897637795
48,1.897637795
48,1.897637795
48,1.897637795
48,1.897637795
48,1.897637795
48,1.897637795
48,1.897637795
48,1.897637795
48,1.897637795
48,1.897637795
48,1.897637795
48,1.897637795
48,1.897637795
48,1.897637795
48,1.897637795
48,1.897637795
48,1.897637795
48,1.897637795
48,1.897637795
48,1.897637795
48,1.897637795
48,1.897637795
48,1.897637795
48,1.897637795
48,1.897637795
48,1.897637795
48,1.897637795
48,1.897637795
48,1.897637795
48,1.897637795
48,1.897637795
48,1.897637795
48,1.897637795
48,1.897637795
48,1.897637795
48,1.897637795
48,1.897637795
48,1.897637795
48,1.897637795
48,1.897637795
48,1.897637795
48,1.897637795
48,1.897637795
48,1.897637795
48,1.897637795
48,1.897637795
48,1.897637795
48,1.897637795
48,1.897637795
48,1.897637795
48,1.897637795
48,1.897637795
48,1.897637795
48,1.897637795
48,1.897637795
48,1.897637795
48,1.897637795
48,1.897637795
48,1.897637795
48,1.897637795
48,1.897637795
48,1.897637795
48,1.897637795
48,1.897637795
48,1.897637795
48,1.897637795
48,1.897637795
48,1.897637795
48,1.897637795
48,1.897637795
48,1.897637795
48,1.897637795
48,1.897637795
48,1.897637795
48,1.897637795
48,1.897637795
48,1.897637795
48,1.897637795
48,1.897637795
48,1.897637795
48,1.897637795
48,1.897637795
48,1.897637795
48,1.897637795
48,1.897637795
48,1.897637795
48,1.897637795
48,1.897637795
48,1.897637795
48,1.897637795
48,1.897637795
48,1.897637795
48,1.897637795
48,1.897637795
48,1.897637795
48,1.897637795
48,1.897637795
48,1.897637795
48,1.897637795
48,1.897637795
48,1.897637795
48,1.897637795
48,1.897637795
48,1.897637795
48,1.897637795
48,1.897637795
48,1.897637795
48,1.897637795
48,1.897637795
48,1.897637795
48,1.897637795
48,1.897637795
48,1.897637795
48,1.897637795
48,1.897637795
48,1.897637795
48,1.897637795
48,1.897637795
48,1.897637795
48,1.897637795
48,1.897637795
48,1.897637795
48,1.897637795
48,1.897637795
48,1.897637795
48,1.897637795
48,1.897637795
48,1.897637795
48,1.897637795
48,1.897637795
48,1.897637795
48,1.897637795
48,1.897637795
48,1.897637795
48,1.897637795
48,1.897637795
48,1.897637795
48,1.897637795
48,1.897637795
48,1.897637795
48,1.897637795
48,1.897637795
48,1.897637795
48,1.897637795
48,1.897637795
48,1.897637795
48,1.897637795
48,1.897637795
48,1.897637795
48,1.897637795
48,1.897637795
48,1.897637795
48,1.897637795
48,1.897637795
48,1.897637795
48,1.897637795
48,1.897637795
48,1.897637795
48,1.897637795
48,1.897637795
48,1.897637795
48,1.897637795
48,1.897637795
48,1.897637795
48,1.897637795
48,1.897637795
48,1.897637795
48,1.897637795
48,1.897637795
48,1.897637795
48,1.897637795
48,1.897637795
48,1.897637795
48,1.897637795
48,1.897637795
48,1.897637795
48,1.897637795
48,1.897637795
48,1.897637795
48,1.897637795
48,1.897637795
48,1.897637795
48,1.897637795
48,1.897637795
48,1.897637795
48,1.897637795
48,1.897637795
48,1.897637795
48,1.897637795
48,1.897637795
48,1.897637795
48,1.897637795
48,1.897637795
48,1.897637795
48,1.897637795
48,1.897637795
48,1.897637795
47,1.378947368
47,1.378947368
47,1.378947368
47,1.378947368
47,1.378947368
47,1.378947368
47,1.378947368
47,1.378947368
47,1.378947368
47,1.378947368
47,1.378947368
47,1.378947368
47,1.378947368
47,1.378947368
47,1.378947368
47,1.378947368
47,1.378947368
47,1.378947368
47,1.378947368
47,1.378947368
47,1.378947368
47,1.378947368
47,1.378947368
47,1.378947368
47,1.378947368
47,1.378947368
47,1.378947368
47,1.378947368
47,1.378947368
47,1.378947368
47,1.378947368
47,1.378947368
47,1.378947368
47,1.378947368
47,1.378947368
47,1.378947368
47,1.378947368
47,1.378947368
47,1.378947368
47,1.378947368
47,1.378947368
47,1.378947368
47,1.378947368
47,1.378947368
47,1.378947368
47,1.378947368
47,1.378947368
47,1.378947368
47,1.378947368
47,1.378947368
47,1.378947368
47,1.378947368
47,1.378947368
47,1.378947368
47,1.378947368
47,1.378947368
47,1.378947368
47,1.378947368
47,1.378947368
47,1.378947368
47,1.378947368
47,1.378947368
47,1.378947368
47,1.378947368
47,1.378947368
47,1.378947368
47,1.378947368
47,1.378947368
47,1.378947368
47,1.378947368
47,1.378947368
47,1.378947368
47,1.378947368
47,1.378947368
47,1.378947368
47,1.378947368
47,1.378947368
47,1.378947368
47,1.378947368
47,1.378947368
47,1.378947368
47,1.378947368
47,1.378947368
47,1.378947368
47,1.378947368
47,1.378947368
47,1.378947368
47,1.378947368
47,1.378947368
47,1.378947368
47,1.378947368
47,1.378947368
47,1.378947368
47,1.378947368
47,1.378947368
46,1.863636364
46,1.863636364
46,1.863636364
46,1.863636364
46,1.863636364
46,1.863636364
46,1.863636364
46,1.863636364
46,1.863636364
46,1.863636364
46,1.863636364
46,1.863636364
46,1.863636364
46,1.863636364
46,1.863636364
46,1.863636364
46,1.863636364
46,1.863636364
46,1.863636364
46,1.863636364
46,1.863636364
46,1.863636364
46,1.863636364
46,1.863636364
46,1.863636364
46,1.863636364
46,1.863636364
46,1.863636364
46,1.863636364
46,1.863636364
46,1.863636364
46,1.863636364
46,1.863636364
46,1.863636364
46,1.863636364
46,1.863636364
46,1.863636364
46,1.863636364
46,1.863636364
46,1.863636364
46,1.863636364
46,1.863636364
46,1.863636364
46,1.863636364
46,1.863636364
46,1.863636364
46,1.863636364
46,1.863636364
46,1.863636364
46,1.863636364
46,1.863636364
46,1.863636364
46,1.863636364
46,1.863636364
46,1.863636364
46,1.863636364
46,1.863636364
46,1.863636364
46,1.863636364
46,1.863636364
46,1.863636364
46,1.863636364
46,1.863636364
46,1.863636364
46,1.863636364
46,1.863636364
45,1.934782609
45,1.934782609
45,1.934782609
45,1.934782609
45,1.934782609
45,1.934782609
45,1.934782609
45,1.934782609
45,1.934782609
45,1.934782609
45,1.934782609
45,1.934782609
45,1.934782609
45,1.934782609
45,1.934782609
45,1.934782609
45,1.934782609
45,1.934782609
45,1.934782609
45,1.934782609
45,1.934782609
45,1.934782609
45,1.934782609
45,1.934782609
45,1.934782609
45,1.934782609
45,1.934782609
45,1.934782609
45,1.934782609
45,1.934782609
45,1.934782609
45,1.934782609
45,1.934782609
45,1.934782609
45,1.934782609
45,1.934782609
45,1.934782609
45,1.934782609
45,1.934782609
45,1.934782609
45,1.934782609
45,1.934782609
45,1.934782609
45,1.934782609
45,1.934782609
45,1.934782609
44,5.4
44,5.4
44,5.4
44,5.4
44,5.4
42,3.313432836
42,3.313432836
42,3.313432836
42,3.313432836
42,3.313432836
42,3.313432836
42,3.313432836
42,3.313432836
42,3.313432836
42,3.313432836
42,3.313432836
42,3.313432836
42,3.313432836
42,3.313432836
42,3.313432836
42,3.313432836
42,3.313432836
42,3.313432836
42,3.313432836
42,3.313432836
42,3.313432836
42,3.313432836
42,3.313432836
42,3.313432836
42,3.313432836
42,3.313432836
42,3.313432836
42,3.313432836
42,3.313432836
42,3.313432836
42,3.313432836
42,3.313432836
42,3.313432836
42,3.313432836
42,3.313432836
42,3.313432836
42,3.313432836
42,3.313432836
42,3.313432836
42,3.313432836
42,3.313432836
42,3.313432836
42,3.313432836
42,3.313432836
42,3.313432836
42,3.313432836
42,3.313432836
42,3.313432836
42,3.313432836
42,3.313432836
42,3.313432836
42,3.313432836
42,3.313432836
42,3.313432836
42,3.313432836
42,3.313432836
42,3.313432836
42,3.313432836
42,3.313432836
42,3.313432836
42,3.313432836
42,3.313432836
42,3.313432836
42,3.313432836
42,3.313432836
42,3.313432836
42,3.313432836
41,2.361111111
41,2.361111111
41,2.361111111
41,2.361111111
41,2.361111111
41,2.361111111
41,2.361111111
41,2.361111111
41,2.361111111
41,2.361111111
41,2.361111111
41,2.361111111
41,2.361111111
41,2.361111111
41,2.361111111
41,2.361111111
41,2.361111111
41,2.361111111
41,2.361111111
41,2.361111111
41,2.361111111
41,2.361111111
41,2.361111111
41,2.361111111
41,2.361111111
41,2.361111111
41,2.361111111
41,2.361111111
41,2.361111111
41,2.361111111
41,2.361111111
41,2.361111111
41,2.361111111
41,2.361111111
41,2.361111111
41,2.361111111
40,2.103896104
40,2.103896104
40,2.103896104
40,2.103896104
40,2.103896104
40,2.103896104
40,2.103896104
40,2.103896104
40,2.103896104
40,2.103896104
40,2.103896104
40,2.103896104
40,2.103896104
40,2.103896104
40,2.103896104
40,2.103896104
40,2.103896104
40,2.103896104
40,2.103896104
40,2.103896104
40,2.103896104
40,2.103896104
40,2.103896104
40,2.103896104
40,2.103896104
40,2.103896104
40,2.103896104
40,2.103896104
40,2.103896104
40,2.103896104
40,2.103896104
40,2.103896104
40,2.103896104
40,2.103896104
40,2.103896104
40,2.103896104
40,2.103896104
40,2.103896104
40,2.103896104
40,2.103896104
40,2.103896104
40,2.103896104
40,2.103896104
40,2.103896104
40,2.103896104
40,2.103896104
40,2.103896104
40,2.103896104
40,2.103896104
40,2.103896104
40,2.103896104
40,2.103896104
40,2.103896104
40,2.103896104
40,2.103896104
40,2.103896104
40,2.103896104
40,2.103896104
40,2.103896104
40,2.103896104
40,2.103896104
40,2.103896104
40,2.103896104
40,2.103896104
40,2.103896104
40,2.103896104
40,2.103896104
40,2.103896104
40,2.103896104
40,2.103896104
40,2.103896104
40,2.103896104
40,2.103896104
40,2.103896104
40,2.103896104
40,2.103896104
40,2.103896104
39,2.727272727
39,2.727272727
39,2.727272727
39,2.727272727
39,2.727272727
39,2.727272727
39,2.727272727
39,2.727272727
39,2.727272727
39,2.727272727
39,2.727272727
39,2.727272727
39,2.727272727
39,2.727272727
39,2.727272727
39,2.727272727
39,2.727272727
39,2.727272727
39,2.727272727
39,2.727272727
39,2.727272727
39,2.727272727
39,2.727272727
39,2.727272727
39,2.727272727
39,2.727272727
39,2.727272727
39,2.727272727
39,2.727272727
39,2.727272727
39,2.727272727
39,2.727272727
39,2.727272727
39,2.727272727
39,2.727272727
39,2.727272727
39,2.727272727
39,2.727272727
39,2.727272727
39,2.727272727
39,2.727272727
39,2.727272727
39,2.727272727
39,2.727272727
39,2.727272727
39,2.727272727
39,2.727272727
39,2.727272727
39,2.727272727
39,2.727272727
39,2.727272727
39,2.727272727
39,2.727272727
39,2.727272727
39,2.727272727
39,2.727272727
39,2.727272727
39,2.727272727
39,2.727272727
39,2.727272727
39,2.727272727
39,2.727272727
39,2.727272727
39,2.727272727
39,2.727272727
39,2.727272727
39,2.727272727
39,2.727272727
39,2.727272727
39,2.727272727
39,2.727272727
39,2.727272727
39,2.727272727
39,2.727272727
39,2.727272727
39,2.727272727
39,2.727272727
39,2.727272727
39,2.727272727
39,2.727272727
39,2.727272727
39,2.727272727
39,2.727272727
39,2.727272727
39,2.727272727
39,2.727272727
39,2.727272727
39,2.727272727
38,1.679245283
38,1.679245283
38,1.679245283
38,1.679245283
38,1.679245283
38,1.679245283
38,1.679245283
38,1.679245283
38,1.679245283
38,1.679245283
38,1.679245283
38,1.679245283
38,1.679245283
38,1.679245283
38,1.679245283
38,1.679245283
38,1.679245283
38,1.679245283
38,1.679245283
38,1.679245283
38,1.679245283
38,1.679245283
38,1.679245283
38,1.679245283
38,1.679245283
38,1.679245283
38,1.679245283
38,1.679245283
38,1.679245283
38,1.679245283
38,1.679245283
38,1.679245283
38,1.679245283
38,1.679245283
38,1.679245283
38,1.679245283
38,1.679245283
38,1.679245283
38,1.679245283
38,1.679245283
38,1.679245283
38,1.679245283
38,1.679245283
38,1.679245283
38,1.679245283
38,1.679245283
38,1.679245283
38,1.679245283
38,1.679245283
38,1.679245283
38,1.679245283
38,1.679245283
38,1.679245283
37,1.57
37,1.57
37,1.57
37,1.57
37,1.57
37,1.57
37,1.57
37,1.57
37,1.57
37,1.57
37,1.57
37,1.57
37,1.57
37,1.57
37,1.57
37,1.57
37,1.57
37,1.57
37,1.57
37,1.57
37,1.57
37,1.57
37,1.57
37,1.57
37,1.57
37,1.57
37,1.57
37,1.57
37,1.57
37,1.57
37,1.57
37,1.57
37,1.57
37,1.57
37,1.57
37,1.57
37,1.57
37,1.57
37,1.57
37,1.57
37,1.57
37,1.57
37,1.57
37,1.57
37,1.57
37,1.57
37,1.57
37,1.57
37,1.57
37,1.57
37,1.57
37,1.57
37,1.57
37,1.57
37,1.57
37,1.57
37,1.57
37,1.57
37,1.57
37,1.57
37,1.57
37,1.57
37,1.57
37,1.57
37,1.57
37,1.57
37,1.57
37,1.57
37,1.57
37,1.57
37,1.57
37,1.57
37,1.57
37,1.57
37,1.57
37,1.57
37,1.57
37,1.57
37,1.57
37,1.57
37,1.57
37,1.57
37,1.57
37,1.57
37,1.57
37,1.57
37,1.57
37,1.57
37,1.57
37,1.57
37,1.57
37,1.57
37,1.57
37,1.57
37,1.57
37,1.57
37,1.57
37,1.57
37,1.57
37,1.57
36,5.306451613
36,5.306451613
36,5.306451613
36,5.306451613
36,5.306451613
36,5.306451613
36,5.306451613
36,5.306451613
36,5.306451613
36,5.306451613
36,5.306451613
36,5.306451613
36,5.306451613
36,5.306451613
36,5.306451613
36,5.306451613
36,5.306451613
36,5.306451613
36,5.306451613
36,5.306451613
36,5.306451613
36,5.306451613
36,5.306451613
36,5.306451613
36,5.306451613
36,5.306451613
36,5.306451613
36,5.306451613
36,5.306451613
36,5.306451613
36,5.306451613
36,5.306451613
36,5.306451613
36,5.306451613
36,5.306451613
36,5.306451613
36,5.306451613
36,5.306451613
36,5.306451613
36,5.306451613
36,5.306451613
36,5.306451613
36,5.306451613
36,5.306451613
36,5.306451613
36,5.306451613
36,5.306451613
36,5.306451613
36,5.306451613
36,5.306451613
36,5.306451613
36,5.306451613
36,5.306451613
36,5.306451613
36,5.306451613
36,5.306451613
36,5.306451613
36,5.306451613
36,5.306451613
36,5.306451613
36,5.306451613
36,5.306451613
35,1.1875
35,1.1875
35,1.1875
35,1.1875
35,1.1875
35,1.1875
35,1.1875
35,1.1875
35,1.1875
35,1.1875
35,1.1875
35,1.1875
35,1.1875
35,1.1875
35,1.1875
35,1.1875
35,1.1875
35,1.1875
35,1.1875
35,1.1875
35,1.1875
35,1.1875
35,1.1875
35,1.1875
35,1.1875
35,1.1875
35,1.1875
35,1.1875
35,1.1875
35,1.1875
35,1.1875
35,1.1875
34,7.380952381
34,7.380952381
34,7.380952381
34,7.380952381
34,7.380952381
34,7.380952381
34,7.380952381
34,7.380952381
34,7.380952381
34,7.380952381
34,7.380952381
34,7.380952381
34,7.380952381
34,7.380952381
34,7.380952381
34,7.380952381
34,7.380952381
34,7.380952381
34,7.380952381
34,7.380952381
34,7.380952381
33,4.5
33,4.5
33,4.5
33,4.5
33,4.5
33,4.5
33,4.5
33,4.5
33,4.5
33,4.5
32,1.764705882
32,1.764705882
32,1.764705882
32,1.764705882
32,1.764705882
32,1.764705882
32,1.764705882
32,1.764705882
32,1.764705882
32,1.764705882
32,1.764705882
32,1.764705882
32,1.764705882
32,1.764705882
32,1.764705882
32,1.764705882
32,1.764705882
31,1.741935484
31,1.741935484
31,1.741935484
31,1.741935484
31,1.741935484
31,1.741935484
31,1.741935484
31,1.741935484
31,1.741935484
31,1.741935484
31,1.741935484
31,1.741935484
31,1.741935484
31,1.741935484
31,1.741935484
31,1.741935484
31,1.741935484
31,1.741935484
31,1.741935484
31,1.741935484
31,1.741935484
31,1.741935484
31,1.741935484
31,1.741935484
31,1.741935484
31,1.741935484
31,1.741935484
31,1.741935484
31,1.741935484
31,1.741935484
31,1.741935484
31,1.741935484
31,1.741935484
31,1.741935484
31,1.741935484
31,1.741935484
31,1.741935484
31,1.741935484
31,1.741935484
31,1.741935484
31,1.741935484
31,1.741935484
31,1.741935484
31,1.741935484
31,1.741935484
31,1.741935484
31,1.741935484
31,1.741935484
31,1.741935484
31,1.741935484
31,1.741935484
31,1.741935484
31,1.741935484
31,1.741935484
31,1.741935484
31,1.741935484
31,1.741935484
31,1.741935484
31,1.741935484
31,1.741935484
31,1.741935484
31,1.741935484
31,1.741935484
31,1.741935484
31,1.741935484
31,1.741935484
31,1.741935484
31,1.741935484
31,1.741935484
31,1.741935484
31,1.741935484
31,1.741935484
31,1.741935484
31,1.741935484
31,1.741935484
31,1.741935484
31,1.741935484
31,1.741935484
31,1.741935484
31,1.741935484
31,1.741935484
31,1.741935484
31,1.741935484
31,1.741935484
31,1.741935484
31,1.741935484
31,1.741935484
31,1.741935484
31,1.741935484
31,1.741935484
31,1.741935484
31,1.741935484
31,1.741935484
30,1.410714286
30,1.410714286
30,1.410714286
30,1.410714286
30,1.410714286
30,1.410714286
30,1.410714286
30,1.410714286
30,1.410714286
30,1.410714286
30,1.410714286
30,1.410714286
30,1.410714286
30,1.410714286
30,1.410714286
30,1.410714286
30,1.410714286
30,1.410714286
30,1.410714286
30,1.410714286
30,1.410714286
30,1.410714286
30,1.410714286
30,1.410714286
30,1.410714286
30,1.410714286
30,1.410714286
30,1.410714286
30,1.410714286
30,1.410714286
30,1.410714286
30,1.410714286
30,1.410714286
30,1.410714286
30,1.410714286
30,1.410714286
30,1.410714286
30,1.410714286
30,1.410714286
30,1.410714286
30,1.410714286
30,1.410714286
30,1.410714286
30,1.410714286
30,1.410714286
30,1.410714286
30,1.410714286
30,1.410714286
30,1.410714286
30,1.410714286
30,1.410714286
30,1.410714286
30,1.410714286
30,1.410714286
30,1.410714286
30,1.410714286
29,1.817391304
29,1.817391304
29,1.817391304
29,1.817391304
29,1.817391304
29,1.817391304
29,1.817391304
29,1.817391304
29,1.817391304
29,1.817391304
29,1.817391304
29,1.817391304
29,1.817391304
29,1.817391304
29,1.817391304
29,1.817391304
29,1.817391304
29,1.817391304
29,1.817391304
29,1.817391304
29,1.817391304
29,1.817391304
29,1.817391304
29,1.817391304
29,1.817391304
29,1.817391304
29,1.817391304
29,1.817391304
29,1.817391304
29,1.817391304
29,1.817391304
29,1.817391304
29,1.817391304
29,1.817391304
29,1.817391304
29,1.817391304
29,1.817391304
29,1.817391304
29,1.817391304
29,1.817391304
29,1.817391304
29,1.817391304
29,1.817391304
29,1.817391304
29,1.817391304
29,1.817391304
29,1.817391304
29,1.817391304
29,1.817391304
29,1.817391304
29,1.817391304
29,1.817391304
29,1.817391304
29,1.817391304
29,1.817391304
29,1.817391304
29,1.817391304
29,1.817391304
29,1.817391304
29,1.817391304
29,1.817391304
29,1.817391304
29,1.817391304
29,1.817391304
29,1.817391304
29,1.817391304
29,1.817391304
29,1.817391304
29,1.817391304
29,1.817391304
29,1.817391304
29,1.817391304
29,1.817391304
29,1.817391304
29,1.817391304
29,1.817391304
29,1.817391304
29,1.817391304
29,1.817391304
29,1.817391304
29,1.817391304
29,1.817391304
29,1.817391304
29,1.817391304
29,1.817391304
29,1.817391304
29,1.817391304
29,1.817391304
29,1.817391304
29,1.817391304
29,1.817391304
29,1.817391304
29,1.817391304
29,1.817391304
29,1.817391304
29,1.817391304
29,1.817391304
29,1.817391304
29,1.817391304
29,1.817391304
29,1.817391304
29,1.817391304
29,1.817391304
29,1.817391304
29,1.817391304
29,1.817391304
29,1.817391304
29,1.817391304
29,1.817391304
29,1.817391304
29,1.817391304
29,1.817391304
29,1.817391304
29,1.817391304
29,1.817391304
28,1.243902439
28,1.243902439
28,1.243902439
28,1.243902439
28,1.243902439
28,1.243902439
28,1.243902439
28,1.243902439
28,1.243902439
28,1.243902439
28,1.243902439
28,1.243902439
28,1.243902439
28,1.243902439
28,1.243902439
28,1.243902439
28,1.243902439
28,1.243902439
28,1.243902439
28,1.243902439
28,1.243902439
28,1.243902439
28,1.243902439
28,1.243902439
28,1.243902439
28,1.243902439
28,1.243902439
28,1.243902439
28,1.243902439
28,1.243902439
28,1.243902439
28,1.243902439
28,1.243902439
28,1.243902439
28,1.243902439
28,1.243902439
28,1.243902439
28,1.243902439
28,1.243902439
28,1.243902439
28,1.243902439
28,1.243902439
28,1.243902439
28,1.243902439
28,1.243902439
28,1.243902439
28,1.243902439
28,1.243902439
28,1.243902439
28,1.243902439
28,1.243902439
28,1.243902439
28,1.243902439
28,1.243902439
28,1.243902439
28,1.243902439
28,1.243902439
28,1.243902439
28,1.243902439
28,1.243902439
28,1.243902439
28,1.243902439
28,1.243902439
28,1.243902439
28,1.243902439
28,1.243902439
28,1.243902439
28,1.243902439
28,1.243902439
28,1.243902439
28,1.243902439
28,1.243902439
28,1.243902439
28,1.243902439
28,1.243902439
28,1.243902439
28,1.243902439
28,1.243902439
28,1.243902439
28,1.243902439
28,1.243902439
28,1.243902439
27,3.459770115
27,3.459770115
27,3.459770115
27,3.459770115
27,3.459770115
27,3.459770115
27,3.459770115
27,3.459770115
27,3.459770115
27,3.459770115
27,3.459770115
27,3.459770115
27,3.459770115
27,3.459770115
27,3.459770115
27,3.459770115
27,3.459770115
27,3.459770115
27,3.459770115
27,3.459770115
27,3.459770115
27,3.459770115
27,3.459770115
27,3.459770115
27,3.459770115
27,3.459770115
27,3.459770115
27,3.459770115
27,3.459770115
27,3.459770115
27,3.459770115
27,3.459770115
27,3.459770115
27,3.459770115
27,3.459770115
27,3.459770115
27,3.459770115
27,3.459770115
27,3.459770115
27,3.459770115
27,3.459770115
27,3.459770115
27,3.459770115
27,3.459770115
27,3.459770115
27,3.459770115
27,3.459770115
27,3.459770115
27,3.459770115
27,3.459770115
27,3.459770115
27,3.459770115
27,3.459770115
27,3.459770115
27,3.459770115
27,3.459770115
27,3.459770115
27,3.459770115
27,3.459770115
27,3.459770115
27,3.459770115
27,3.459770115
27,3.459770115
27,3.459770115
27,3.459770115
27,3.459770115
27,3.459770115
27,3.459770115
27,3.459770115
27,3.459770115
27,3.459770115
27,3.459770115
27,3.459770115
27,3.459770115
27,3.459770115
27,3.459770115
27,3.459770115
27,3.459770115
27,3.459770115
27,3.459770115
27,3.459770115
27,3.459770115
27,3.459770115
27,3.459770115
27,3.459770115
27,3.459770115
27,3.459770115
26,2.65060241
26,2.65060241
26,2.65060241
26,2.65060241
26,2.65060241
26,2.65060241
26,2.65060241
26,2.65060241
26,2.65060241
26,2.65060241
26,2.65060241
26,2.65060241
26,2.65060241
26,2.65060241
26,2.65060241
26,2.65060241
26,2.65060241
26,2.65060241
26,2.65060241
26,2.65060241
26,2.65060241
26,2.65060241
26,2.65060241
26,2.65060241
26,2.65060241
26,2.65060241
26,2.65060241
26,2.65060241
26,2.65060241
26,2.65060241
26,2.65060241
26,2.65060241
26,2.65060241
26,2.65060241
26,2.65060241
26,2.65060241
26,2.65060241
26,2.65060241
26,2.65060241
26,2.65060241
26,2.65060241
26,2.65060241
26,2.65060241
26,2.65060241
26,2.65060241
26,2.65060241
26,2.65060241
26,2.65060241
26,2.65060241
26,2.65060241
26,2.65060241
26,2.65060241
26,2.65060241
26,2.65060241
26,2.65060241
26,2.65060241
26,2.65060241
26,2.65060241
26,2.65060241
26,2.65060241
26,2.65060241
26,2.65060241
26,2.65060241
26,2.65060241
26,2.65060241
26,2.65060241
26,2.65060241
26,2.65060241
26,2.65060241
26,2.65060241
26,2.65060241
26,2.65060241
26,2.65060241
26,2.65060241
26,2.65060241
26,2.65060241
26,2.65060241
26,2.65060241
26,2.65060241
26,2.65060241
26,2.65060241
26,2.65060241
26,2.65060241
25,15.28571429
25,15.28571429
25,15.28571429
25,15.28571429
25,15.28571429
25,15.28571429
25,15.28571429
25,15.28571429
25,15.28571429
25,15.28571429
25,15.28571429
25,15.28571429
25,15.28571429
25,15.28571429
24,1.666666667
24,1.666666667
24,1.666666667
24,1.666666667
24,1.666666667
24,1.666666667
24,1.666666667
24,1.666666667
24,1.666666667
24,1.666666667
24,1.666666667
24,1.666666667
24,1.666666667
24,1.666666667
24,1.666666667
24,1.666666667
24,1.666666667
24,1.666666667
24,1.666666667
24,1.666666667
24,1.666666667
24,1.666666667
24,1.666666667
24,1.666666667
23,3.5
23,3.5
23,3.5
23,3.5
23,3.5
23,3.5
23,3.5
23,3.5
23,3.5
23,3.5
23,3.5
23,3.5
23,3.5
23,3.5
23,3.5
23,3.5
22,1.53968254
22,1.53968254
22,1.53968254
22,1.53968254
22,1.53968254
22,1.53968254
22,1.53968254
22,1.53968254
22,1.53968254
22,1.53968254
22,1.53968254
22,1.53968254
22,1.53968254
22,1.53968254
22,1.53968254
22,1.53968254
22,1.53968254
22,1.53968254
22,1.53968254
22,1.53968254
22,1.53968254
22,1.53968254
22,1.53968254
22,1.53968254
22,1.53968254
22,1.53968254
22,1.53968254
22,1.53968254
22,1.53968254
22,1.53968254
22,1.53968254
22,1.53968254
22,1.53968254
22,1.53968254
22,1.53968254
22,1.53968254
22,1.53968254
22,1.53968254
22,1.53968254
22,1.53968254
22,1.53968254
22,1.53968254
22,1.53968254
22,1.53968254
22,1.53968254
22,1.53968254
22,1.53968254
22,1.53968254
22,1.53968254
22,1.53968254
22,1.53968254
22,1.53968254
22,1.53968254
22,1.53968254
22,1.53968254
22,1.53968254
22,1.53968254
22,1.53968254
22,1.53968254
22,1.53968254
22,1.53968254
22,1.53968254
22,1.53968254
21,1.2
21,1.2
21,1.2
21,1.2
21,1.2
21,1.2
21,1.2
21,1.2
21,1.2
21,1.2
21,1.2
21,1.2
21,1.2
21,1.2
21,1.2
21,1.2
21,1.2
21,1.2
21,1.2
21,1.2
21,1.2
21,1.2
21,1.2
21,1.2
21,1.2
21,1.2
21,1.2
21,1.2
21,1.2
21,1.2
21,1.2
21,1.2
21,1.2
21,1.2
21,1.2
21,1.2
21,1.2
21,1.2
21,1.2
21,1.2
21,1.2
21,1.2
21,1.2
21,1.2
21,1.2
21,1.2
21,1.2
21,1.2
21,1.2
21,1.2
21,1.2
21,1.2
21,1.2
21,1.2
21,1.2
21,1.2
21,1.2
21,1.2
21,1.2
21,1.2
21,1.2
21,1.2
21,1.2
21,1.2
21,1.2
21,1.2
21,1.2
21,1.2
21,1.2
21,1.2
21,1.2
21,1.2
21,1.2
21,1.2
21,1.2
21,1.2
21,1.2
21,1.2
21,1.2
21,1.2
21,1.2
21,1.2
21,1.2
21,1.2
21,1.2
21,1.2
21,1.2
21,1.2
21,1.2
21,1.2
21,1.2
21,1.2
21,1.2
21,1.2
21,1.2
21,1.2
21,1.2
21,1.2
21,1.2
21,1.2
21,1.2
21,1.2
21,1.2
21,1.2
21,1.2
21,1.2
21,1.2
21,1.2
21,1.2
21,1.2
21,1.2
21,1.2
21,1.2
21,1.2
21,1.2
21,1.2
21,1.2
21,1.2
21,1.2
21,1.2
20,1.666666667
20,1.666666667
20,1.666666667
20,1.666666667
20,1.666666667
20,1.666666667
20,1.666666667
20,1.666666667
20,1.666666667
20,1.666666667
20,1.666666667
20,1.666666667
20,1.666666667
20,1.666666667
20,1.666666667
20,1.666666667
20,1.666666667
20,1.666666667
20,1.666666667
20,1.666666667
20,1.666666667
20,1.666666667
20,1.666666667
20,1.666666667
20,1.666666667
20,1.666666667
20,1.666666667
20,1.666666667
20,1.666666667
20,1.666666667
20,1.666666667
20,1.666666667
20,1.666666667
20,1.666666667
20,1.666666667
20,1.666666667
20,1.666666667
20,1.666666667
20,1.666666667
20,1.666666667
20,1.666666667
20,1.666666667
20,1.666666667
20,1.666666667
20,1.666666667
20,1.666666667
20,1.666666667
20,1.666666667
20,1.666666667
20,1.666666667
20,1.666666667
20,1.666666667
20,1.666666667
20,1.666666667
20,1.666666667
20,1.666666667
20,1.666666667
20,1.666666667
20,1.666666667
20,1.666666667
20,1.666666667
20,1.666666667
20,1.666666667
20,1.666666667
20,1.666666667
20,1.666666667
20,1.666666667
20,1.666666667
20,1.666666667
20,1.666666667
20,1.666666667
20,1.666666667
20,1.666666667
20,1.666666667
20,1.666666667
20,1.666666667
20,1.666666667
20,1.666666667
20,1.666666667
20,1.666666667
20,1.666666667
20,1.666666667
20,1.666666667
20,1.666666667
20,1.666666667
20,1.666666667
20,1.666666667
20,1.666666667
20,1.666666667
20,1.666666667
20,1.666666667
20,1.666666667
20,1.666666667
20,1.666666667
20,1.666666667
20,1.666666667
20,1.666666667
20,1.666666667
20,1.666666667
20,1.666666667
20,1.666666667
20,1.666666667
20,1.666666667
20,1.666666667
20,1.666666667
19,2.626262626
19,2.626262626
19,2.626262626
19,2.626262626
19,2.626262626
19,2.626262626
19,2.626262626
19,2.626262626
19,2.626262626
19,2.626262626
19,2.626262626
19,2.626262626
19,2.626262626
19,2.626262626
19,2.626262626
19,2.626262626
19,2.626262626
19,2.626262626
19,2.626262626
19,2.626262626
19,2.626262626
19,2.626262626
19,2.626262626
19,2.626262626
19,2.626262626
19,2.626262626
19,2.626262626
19,2.626262626
19,2.626262626
19,2.626262626
19,2.626262626
19,2.626262626
19,2.626262626
19,2.626262626
19,2.626262626
19,2.626262626
19,2.626262626
19,2.626262626
19,2.626262626
19,2.626262626
19,2.626262626
19,2.626262626
19,2.626262626
19,2.626262626
19,2.626262626
19,2.626262626
19,2.626262626
19,2.626262626
19,2.626262626
19,2.626262626
19,2.626262626
19,2.626262626
19,2.626262626
19,2.626262626
19,2.626262626
19,2.626262626
19,2.626262626
19,2.626262626
19,2.626262626
19,2.626262626
19,2.626262626
19,2.626262626
19,2.626262626
19,2.626262626
19,2.626262626
19,2.626262626
19,2.626262626
19,2.626262626
19,2.626262626
19,2.626262626
19,2.626262626
19,2.626262626
19,2.626262626
19,2.626262626
19,2.626262626
19,2.626262626
19,2.626262626
19,2.626262626
19,2.626262626
19,2.626262626
19,2.626262626
19,2.626262626
19,2.626262626
19,2.626262626
19,2.626262626
19,2.626262626
19,2.626262626
19,2.626262626
19,2.626262626
19,2.626262626
19,2.626262626
19,2.626262626
19,2.626262626
19,2.626262626
19,2.626262626
19,2.626262626
19,2.626262626
19,2.626262626
19,2.626262626
18,1.793478261
18,1.793478261
18,1.793478261
18,1.793478261
18,1.793478261
18,1.793478261
18,1.793478261
18,1.793478261
18,1.793478261
18,1.793478261
18,1.793478261
18,1.793478261
18,1.793478261
18,1.793478261
18,1.793478261
18,1.793478261
18,1.793478261
18,1.793478261
18,1.793478261
18,1.793478261
18,1.793478261
18,1.793478261
18,1.793478261
18,1.793478261
18,1.793478261
18,1.793478261
18,1.793478261
18,1.793478261
18,1.793478261
18,1.793478261
18,1.793478261
18,1.793478261
18,1.793478261
18,1.793478261
18,1.793478261
18,1.793478261
18,1.793478261
18,1.793478261
18,1.793478261
18,1.793478261
18,1.793478261
18,1.793478261
18,1.793478261
18,1.793478261
18,1.793478261
18,1.793478261
18,1.793478261
18,1.793478261
18,1.793478261
18,1.793478261
18,1.793478261
18,1.793478261
18,1.793478261
18,1.793478261
18,1.793478261
18,1.793478261
18,1.793478261
18,1.793478261
18,1.793478261
18,1.793478261
18,1.793478261
18,1.793478261
18,1.793478261
18,1.793478261
18,1.793478261
18,1.793478261
18,1.793478261
18,1.793478261
18,1.793478261
18,1.793478261
18,1.793478261
18,1.793478261
18,1.793478261
18,1.793478261
18,1.793478261
18,1.793478261
18,1.793478261
18,1.793478261
18,1.793478261
18,1.793478261
18,1.793478261
18,1.793478261
18,1.793478261
18,1.793478261
18,1.793478261
18,1.793478261
18,1.793478261
18,1.793478261
18,1.793478261
18,1.793478261
18,1.793478261
18,1.793478261
17,4.156862745
17,4.156862745
17,4.156862745
17,4.156862745
17,4.156862745
17,4.156862745
17,4.156862745
17,4.156862745
17,4.156862745
17,4.156862745
17,4.156862745
17,4.156862745
17,4.156862745
17,4.156862745
17,4.156862745
17,4.156862745
17,4.156862745
17,4.156862745
17,4.156862745
17,4.156862745
17,4.156862745
17,4.156862745
17,4.156862745
17,4.156862745
17,4.156862745
17,4.156862745
17,4.156862745
17,4.156862745
17,4.156862745
17,4.156862745
17,4.156862745
17,4.156862745
17,4.156862745
17,4.156862745
17,4.156862745
17,4.156862745
17,4.156862745
17,4.156862745
17,4.156862745
17,4.156862745
17,4.156862745
17,4.156862745
17,4.156862745
17,4.156862745
17,4.156862745
17,4.156862745
17,4.156862745
17,4.156862745
17,4.156862745
17,4.156862745
17,4.156862745
17,4.156862745
17,4.156862745
17,4.156862745
17,4.156862745
17,4.156862745
17,4.156862745
17,4.156862745
17,4.156862745
17,4.156862745
17,4.156862745
17,4.156862745
17,4.156862745
17,4.156862745
17,4.156862745
17,4.156862745
17,4.156862745
17,4.156862745
17,4.156862745
17,4.156862745
17,4.156862745
17,4.156862745
17,4.156862745
17,4.156862745
17,4.156862745
17,4.156862745
17,4.156862745
17,4.156862745
17,4.156862745
17,4.156862745
17,4.156862745
17,4.156862745
17,4.156862745
17,4.156862745
17,4.156862745
17,4.156862745
17,4.156862745
17,4.156862745
17,4.156862745
17,4.156862745
17,4.156862745
17,4.156862745
17,4.156862745
17,4.156862745
17,4.156862745
17,4.156862745
17,4.156862745
17,4.156862745
17,4.156862745
17,4.156862745
17,4.156862745
17,4.156862745
16,1.090909091
16,1.090909091
16,1.090909091
16,1.090909091
16,1.090909091
16,1.090909091
16,1.090909091
16,1.090909091
16,1.090909091
16,1.090909091
16,1.090909091
16,1.090909091
16,1.090909091
16,1.090909091
16,1.090909091
16,1.090909091
16,1.090909091
16,1.090909091
16,1.090909091
16,1.090909091
16,1.090909091
16,1.090909091
16,1.090909091
16,1.090909091
16,1.090909091
16,1.090909091
16,1.090909091
16,1.090909091
16,1.090909091
16,1.090909091
16,1.090909091
16,1.090909091
16,1.090909091
16,1.090909091
16,1.090909091
16,1.090909091
16,1.090909091
16,1.090909091
16,1.090909091
16,1.090909091
16,1.090909091
16,1.090909091
16,1.090909091
16,1.090909091
15,1.6
15,1.6
15,1.6
15,1.6
15,1.6
13,1.056603774
13,1.056603774
13,1.056603774
13,1.056603774
13,1.056603774
13,1.056603774
13,1.056603774
13,1.056603774
13,1.056603774
13,1.056603774
13,1.056603774
13,1.056603774
13,1.056603774
13,1.056603774
13,1.056603774
13,1.056603774
13,1.056603774
13,1.056603774
13,1.056603774
13,1.056603774
13,1.056603774
13,1.056603774
13,1.056603774
13,1.056603774
13,1.056603774
13,1.056603774
13,1.056603774
13,1.056603774
13,1.056603774
13,1.056603774
13,1.056603774
13,1.056603774
13,1.056603774
13,1.056603774
13,1.056603774
13,1.056603774
13,1.056603774
13,1.056603774
13,1.056603774
13,1.056603774
13,1.056603774
13,1.056603774
13,1.056603774
13,1.056603774
13,1.056603774
13,1.056603774
13,1.056603774
13,1.056603774
13,1.056603774
13,1.056603774
13,1.056603774
13,1.056603774
13,1.056603774
13,1.056603774
13,1.056603774
13,1.056603774
13,1.056603774
13,1.056603774
13,1.056603774
13,1.056603774
13,1.056603774
13,1.056603774
13,1.056603774
13,1.056603774
13,1.056603774
13,1.056603774
13,1.056603774
13,1.056603774
13,1.056603774
13,1.056603774
13,1.056603774
13,1.056603774
13,1.056603774
13,1.056603774
13,1.056603774
13,1.056603774
13,1.056603774
13,1.056603774
13,1.056603774
13,1.056603774
13,1.056603774
13,1.056603774
13,1.056603774
13,1.056603774
13,1.056603774
13,1.056603774
13,1.056603774
13,1.056603774
13,1.056603774
13,1.056603774
13,1.056603774
13,1.056603774
13,1.056603774
13,1.056603774
13,1.056603774
13,1.056603774
13,1.056603774
13,1.056603774
13,1.056603774
13,1.056603774
13,1.056603774
13,1.056603774
13,1.056603774
13,1.056603774
13,1.056603774
13,1.056603774
13,1.056603774
13,1.056603774
13,1.056603774
13,1.056603774
13,1.056603774
13,1.056603774
13,1.056603774
13,1.056603774
13,1.056603774
13,1.056603774
13,1.056603774
13,1.056603774
13,1.056603774
13,1.056603774
13,1.056603774
13,1.056603774
13,1.056603774
13,1.056603774
13,1.056603774
13,1.056603774
13,1.056603774
13,1.056603774
13,1.056603774
13,1.056603774
13,1.056603774
13,1.056603774
13,1.056603774
13,1.056603774
13,1.056603774
13,1.056603774
13,1.056603774
13,1.056603774
13,1.056603774
13,1.056603774
13,1.056603774
13,1.056603774
13,1.056603774
13,1.056603774
13,1.056603774
13,1.056603774
13,1.056603774
13,1.056603774
13,1.056603774
13,1.056603774
13,1.056603774
13,1.056603774
13,1.056603774
13,1.056603774
13,1.056603774
13,1.056603774
13,1.056603774
13,1.056603774
13,1.056603774
12,2.850746269
12,2.850746269
12,2.850746269
12,2.850746269
12,2.850746269
12,2.850746269
12,2.850746269
12,2.850746269
12,2.850746269
12,2.850746269
12,2.850746269
12,2.850746269
12,2.850746269
12,2.850746269
12,2.850746269
12,2.850746269
12,2.850746269
12,2.850746269
12,2.850746269
12,2.850746269
12,2.850746269
12,2.850746269
12,2.850746269
12,2.850746269
12,2.850746269
12,2.850746269
12,2.850746269
12,2.850746269
12,2.850746269
12,2.850746269
12,2.850746269
12,2.850746269
12,2.850746269
12,2.850746269
12,2.850746269
12,2.850746269
12,2.850746269
12,2.850746269
12,2.850746269
12,2.850746269
12,2.850746269
12,2.850746269
12,2.850746269
12,2.850746269
12,2.850746269
12,2.850746269
12,2.850746269
12,2.850746269
12,2.850746269
12,2.850746269
12,2.850746269
12,2.850746269
12,2.850746269
12,2.850746269
12,2.850746269
12,2.850746269
12,2.850746269
12,2.850746269
12,2.850746269
12,2.850746269
12,2.850746269
12,2.850746269
12,2.850746269
12,2.850746269
12,2.850746269
12,2.850746269
12,2.850746269
11,0
10,4.666666667
10,4.666666667
10,4.666666667
9,9.5
9,9.5
9,9.5
9,9.5
9,9.5
9,9.5
9,9.5
9,9.5
8,1.921875
8,1.921875
8,1.921875
8,1.921875
8,1.921875
8,1.921875
8,1.921875
8,1.921875
8,1.921875
8,1.921875
8,1.921875
8,1.921875
8,1.921875
8,1.921875
8,1.921875
8,1.921875
8,1.921875
8,1.921875
8,1.921875
8,1.921875
8,1.921875
8,1.921875
8,1.921875
8,1.921875
8,1.921875
8,1.921875
8,1.921875
8,1.921875
8,1.921875
8,1.921875
8,1.921875
8,1.921875
8,1.921875
8,1.921875
8,1.921875
8,1.921875
8,1.921875
8,1.921875
8,1.921875
8,1.921875
8,1.921875
8,1.921875
8,1.921875
8,1.921875
8,1.921875
8,1.921875
8,1.921875
8,1.921875
8,1.921875
8,1.921875
8,1.921875
8,1.921875
8,1.921875
8,1.921875
8,1.921875
8,1.921875
8,1.921875
8,1.921875
8,1.921875
8,1.921875
8,1.921875
8,1.921875
8,1.921875
8,1.921875
6,7.068965517
6,7.068965517
6,7.068965517
6,7.068965517
6,7.068965517
6,7.068965517
6,7.068965517
6,7.068965517
6,7.068965517
6,7.068965517
6,7.068965517
6,7.068965517
6,7.068965517
6,7.068965517
6,7.068965517
6,7.068965517
6,7.068965517
6,7.068965517
6,7.068965517
6,7.068965517
6,7.068965517
6,7.068965517
6,7.068965517
6,7.068965517
6,7.068965517
6,7.068965517
6,7.068965517
6,7.068965517
6,7.068965517
6,7.068965517
6,7.068965517
6,7.068965517
6,7.068965517
6,7.068965517
6,7.068965517
6,7.068965517
6,7.068965517
6,7.068965517
6,7.068965517
6,7.068965517
6,7.068965517
6,7.068965517
6,7.068965517
6,7.068965517
6,7.068965517
6,7.068965517
6,7.068965517
6,7.068965517
6,7.068965517
6,7.068965517
6,7.068965517
6,7.068965517
6,7.068965517
6,7.068965517
6,7.068965517
6,7.068965517
6,7.068965517
6,7.068965517
5,1.546666667
5,1.546666667
5,1.546666667
5,1.546666667
5,1.546666667
5,1.546666667
5,1.546666667
5,1.546666667
5,1.546666667
5,1.546666667
5,1.546666667
5,1.546666667
5,1.546666667
5,1.546666667
5,1.546666667
5,1.546666667
5,1.546666667
5,1.546666667
5,1.546666667
5,1.546666667
5,1.546666667
5,1.546666667
5,1.546666667
5,1.546666667
5,1.546666667
5,1.546666667
5,1.546666667
5,1.546666667
5,1.546666667
5,1.546666667
5,1.546666667
5,1.546666667
5,1.546666667
5,1.546666667
5,1.546666667
5,1.546666667
5,1.546666667
5,1.546666667
5,1.546666667
5,1.546666667
5,1.546666667
5,1.546666667
5,1.546666667
5,1.546666667
5,1.546666667
5,1.546666667
5,1.546666667
5,1.546666667
5,1.546666667
5,1.546666667
5,1.546666667
5,1.546666667
5,1.546666667
5,1.546666667
5,1.546666667
5,1.546666667
5,1.546666667
5,1.546666667
5,1.546666667
5,1.546666667
5,1.546666667
5,1.546666667
5,1.546666667
5,1.546666667
5,1.546666667
5,1.546666667
5,1.546666667
5,1.546666667
5,1.546666667
5,1.546666667
5,1.546666667
5,1.546666667
5,1.546666667
5,1.546666667
5,1.546666667
4,4.466666667
4,4.466666667
4,4.466666667
4,4.466666667
4,4.466666667
4,4.466666667
4,4.466666667
4,4.466666667
4,4.466666667
4,4.466666667
4,4.466666667
4,4.466666667
4,4.466666667
4,4.466666667
4,4.466666667
2,0
2,0
2,0
2,0
2,0
2,0
2,0
2,0
2,0
2,0
2,0
2,0
2,0
2,0
2,0
2,0
2,0
2,0
2,0
2,0
2,0
2,0
2,0
2,0
2,0
2,0
2,0
2,0
1,1.626865672
1,1.626865672
1,1.626865672
1,1.626865672
1,1.626865672
1,1.626865672
1,1.626865672
1,1.626865672
1,1.626865672
1,1.626865672
1,1.626865672
1,1.626865672
1,1.626865672
1,1.626865672
1,1.626865672
1,1.626865672
1,1.626865672
1,1.626865672
1,1.626865672
1,1.626865672
1,1.626865672
1,1.626865672
1,1.626865672
1,1.626865672
1,1.626865672
1,1.626865672
1,1.626865672
1,1.626865672
1,1.626865672
1,1.626865672
1,1.626865672
1,1.626865672
1,1.626865672
1,1.626865672
1,1.626865672
1,1.626865672
1,1.626865672
1,1.626865672
1,1.626865672
1,1.626865672
1,1.626865672
1,1.626865672
1,1.626865672
1,1.626865672
1,1.626865672
1,1.626865672
1,1.626865672
1,1.626865672
1,1.626865672
1,1.626865672
1,1.626865672
1,1.626865672
1,1.626865672
1,1.626865672
1,1.626865672
1,1.626865672
1,1.626865672
1,1.626865672
1,1.626865672
1,1.626865672
1,1.626865672
1,1.626865672
1,1.626865672
1,1.626865672
1,1.626865672
1,1.626865672
1,1.626865672
