fips,county_newspaper_quantity_2019
1001,0
1009,1
1017,2
1021,2
1033,2
1045,1
1051,2
1065,2
1079,1
1083,1
1099,1
1107,1
1121,1
5141,3
5145,2
6005,1
6021,2
6033,3
6043,1
6055,4
6089,4
6099,10
6115,1
8003,1
8013,7
8014,1
8025,1
8031,4
8035,5
8047,1
12083,5
12087,3
12095,5
12111,0
12119,2
12125,0
13001,0
13013,0
13029,1
13043,1
13055,1
13059,2
13071,1
13079,1
13091,1
13107,1
13113,3
13123,1
8053,1
8057,1
8059,5
8073,3
8083,1
8095,2
8105,3
8111,1
8123,3
9015,1
12001,3
12013,0
12023,1
12039,3
12055,3
12059,1
12073,3
4003,5
4013,19
5001,2
5009,1
5019,2
5029,1
5043,1
5051,1
5061,1
5071,1
5085,4
5097,1
5101,1
5111,2
5123,1
5129,1
13309,1
13313,1
13319,0
16015,1
16021,1
16045,1
16051,1
16057,1
16067,0
16081,1
17005,1
17009,1
17019,7
17029,2
17035,3
17049,5
17055,1
17065,0
18051,2
18059,2
18069,1
18079,2
18085,2
18095,4
18105,2
18115,1
18125,1
18131,2
18139,1
18153,1
18173,1
18179,2
18183,3
19009,1
19017,5
19021,3
19031,2
19039,1
17073,5
17077,2
17079,1
17089,5
17103,3
17107,1
17121,2
17129,2
17139,1
17145,1
17155,1
17169,1
17175,0
17179,8
17189,2
17203,2
18009,2
18011,2
18021,2
18033,0
13125,0
13129,1
13131,1
13139,1
13157,5
13169,1
13175,1
13187,1
13197,0
13201,1
13217,2
13225,1
13233,1
13243,0
13253,1
13265,1
13277,1
13285,2
13293,1
13303,1
20027,1
20029,4
20039,1
20049,0
20065,1
20075,1
20085,1
20095,3
20105,1
20115,4
20127,2
20135,1
20145,1
20155,4
20163,2
20173,7
20185,2
20195,1
20203,1
20205,2
21183,1
21187,1
21189,1
21199,1
21209,1
21219,1
21229,1
22001,3
22013,1
22033,3
22053,1
22073,4
22077,1
22089,1
22105,4
22115,1
21003,1
21009,2
21017,1
21025,2
21031,1
21043,2
21053,1
21063,1
21077,1
21087,1
21099,1
21103,1
21115,1
21121,1
21137,1
21143,1
21151,2
21157,2
21169,1
21175,1
19045,2
19047,5
19055,3
19063,3
19067,1
19079,3
19087,3
19095,2
19105,2
19113,4
19121,1
19125,3
19137,2
19141,0
19151,2
19161,3
19169,4
19175,2
19181,2
19195,2
20005,2
20015,1
27073,2
27083,5
27085,4
27093,2
27103,2
27113,2
27121,2
27127,4
27147,2
27153,3
27161,3
28003,1
28013,1
28017,2
28029,2
28037,1
28049,4
28061,1
28065,1
28075,1
22121,1
22127,1
23009,7
23029,3
24001,3
24003,5
24009,1
24017,1
24019,2
24029,1
24035,0
24037,0
24039,2
24041,1
25011,1
26009,0
26015,4
26023,2
26035,1
26037,2
26045,3
26057,1
26061,1
26073,1
26077,2
26083,0
26085,1
26091,6
26097,1
26103,1
26107,1
26111,1
26117,1
26123,1
26133,2
26143,1
26155,3
26161,1
26165,2
27009,2
27019,6
27029,2
27039,2
27051,1
27057,2
27067,2
29097,4
29103,1
29109,2
29117,1
29131,2
29137,1
29151,1
29159,1
29169,2
29179,1
29195,2
29205,2
29211,1
29221,1
29229,2
30013,2
30037,0
30043,2
31121,2
31125,2
31135,0
31137,2
31147,2
31159,2
31163,0
31171,1
31183,0
32009,0
32021,1
32033,1
34007,4
34015,2
34031,7
35001,3
35006,1
30051,1
30059,1
30069,0
30093,2
30099,2
30107,1
31003,4
31009,0
31023,1
31035,1
31037,4
31047,3
31053,4
31063,1
31073,1
31085,1
31093,1
31097,1
31117,0
28079,1
28083,1
28095,1
28099,1
28103,1
28115,1
28117,1
28127,2
28139,1
28151,2
29001,1
29009,3
29021,2
29033,3
29043,2
29053,1
29065,1
29075,2
29085,1
37001,3
37005,1
37017,1
37021,4
37027,2
37055,1
37057,3
37067,5
37081,5
37091,1
37103,0
37117,1
37127,3
37141,1
37151,1
37165,1
37167,1
39055,1
39063,2
39065,2
39075,1
39089,7
39097,3
39109,3
39121,1
39131,1
39143,1
39147,4
39159,3
39169,3
39173,5
40009,2
40019,4
40031,2
40043,1
40053,2
37181,1
37191,2
37197,1
38007,1
38019,1
38031,1
38035,3
38045,3
38061,3
38073,2
38079,2
38091,1
38103,1
39003,4
39015,3
39027,1
39039,2
39047,1
35015,2
35027,2
35028,1
35045,1
35053,1
36003,4
36021,2
36037,1
36043,5
36057,5
36069,3
36083,1
36095,1
36109,6
36121,2
36123,2
42013,3
42015,4
42021,6
42031,2
42047,3
42063,2
42069,4
42087,2
42093,0
42105,1
42113,1
42123,1
45005,0
45009,1
45027,1
45039,2
47005,1
47007,1
47013,1
47027,2
47031,2
47045,2
47057,1
47069,1
47081,1
47093,3
47105,2
47117,1
47129,1
47139,0
47151,2
47173,1
47179,3
45049,1
45053,1
45075,3
45081,1
46003,2
46007,2
46017,0
46029,1
46035,1
46043,3
46055,1
46061,2
46087,4
46095,1
46103,5
46111,1
46125,5
46137,1
40059,0
40063,2
40073,3
40081,4
40087,2
40097,0
40109,7
40123,2
40127,2
40147,1
40153,2
41017,2
41031,1
41037,1
41053,1
41069,0
42005,2
48357,1
48359,1
48367,3
48379,1
48381,1
48393,1
48397,1
48411,1
48425,1
48429,1
48433,0
48445,1
48449,1
48459,2
48463,1
48475,1
48491,8
48497,3
48507,1
49011,1
47185,1
47189,4
48009,1
48011,1
48021,3
48031,2
48047,1
48053,4
48063,1
48069,2
48079,0
48095,2
48099,2
48103,1
48115,1
48123,2
48127,1
48137,1
48149,3
48159,1
48169,1
48177,1
48179,1
48185,1
48191,0
48195,1
48217,2
48227,1
48233,2
48247,2
48251,4
48263,0
48265,1
48275,2
48283,0
48297,1
48303,4
48309,6
48319,1
48329,2
48339,2
48349,2
48353,1
51121,2
51125,0
51141,1
51145,1
51155,1
51157,1
51173,1
51187,1
51197,1
51510,0
51530,0
51540,0
51595,0
51660,0
51670,0
51760,0
51775,0
51820,0
53013,1
53021,2
55029,1
55033,2
55039,4
55045,3
55063,3
55069,2
55073,5
55081,5
55095,4
55103,1
55115,2
55129,2
55141,2
56025,1
56031,2
56033,1
56045,2
53041,3
53045,1
53065,2
54001,1
54007,2
54013,1
54021,2
54039,1
54049,1
54061,1
54079,0
54089,1
54101,1
55003,2
55005,5
55007,1
55017,4
55025,15
49029,1
49031,0
49035,4
49051,1
50005,2
50019,2
51007,1
51017,0
51029,0
51043,0
51047,1
51063,1
51075,0
51101,1
51111,1
51113,1
1023,1
1025,3
1029,1
1031,3
1037,1
1047,1
1055,2
1059,2
1061,3
1067,1
1071,2
1081,2
1085,1
1087,1
1089,3
5143,4
5147,1
6003,0
6007,5
1093,1
1095,3
1097,3
1101,2
1117,3
1119,1
1125,2
1131,1
1007,1
1011,1
1015,3
6045,7
6049,1
6051,1
6057,2
6059,26
6065,12
6069,2
6073,25
6075,8
6113,4
8001,4
8007,1
8009,0
8015,2
8017,0
8021,1
8023,0
8029,1
8037,2
8043,2
6081,5
6083,7
6087,4
6095,6
6101,0
6103,2
6109,1
6009,1
6013,6
6015,1
13149,0
20059,1
6025,5
6029,12
6031,2
6039,3
13067,1
13069,1
13073,1
13077,2
13081,1
13087,1
13093,0
13095,2
13101,0
13103,1
13109,1
13115,1
13119,1
8061,1
8063,3
8069,4
12089,2
12091,4
12097,2
12099,11
12101,4
12107,2
12109,2
12113,3
12115,7
12117,3
12127,2
12131,1
13003,1
13005,1
13009,2
13015,3
13023,1
13025,0
13031,1
13037,0
13049,1
13053,0
13057,2
13063,1
9013,0
10005,6
11001,0
12003,1
12005,1
12011,8
12015,2
12071,17
12079,2
12081,4
8085,2
12017,1
12029,0
12031,4
12041,1
12043,1
12045,1
12049,1
12051,2
12053,0
12061,1
12063,3
12069,5
8075,1
8077,1
8081,1
8087,2
8091,1
8097,3
8103,1
8109,2
8119,1
8121,1
8125,1
9003,14
9007,4
5015,2
5017,2
5025,1
5027,1
5033,2
5045,1
5047,2
5053,1
5059,1
5067,1
5073,1
5081,1
5083,2
5087,1
16001,4
16003,1
16009,1
16017,2
16019,1
5089,1
5091,1
5093,3
5099,1
5103,1
5113,1
5115,3
5121,1
5133,1
5137,1
13317,1
13321,1
4005,4
4009,1
4011,1
4012,1
4017,2
4021,8
4023,1
4027,1
5003,2
5013,1
16071,1
16077,1
16079,1
16083,2
17003,1
17007,2
17011,3
17015,4
17023,0
17033,2
17037,5
17041,4
17043,28
18117,3
18121,1
18127,1
18135,1
18137,4
18141,2
18149,1
18151,2
18159,1
18161,1
18167,1
18169,3
18175,4
18181,3
19001,4
17047,2
17051,4
17053,1
17057,3
17063,4
18055,1
18057,1
18065,3
18067,1
18071,3
18077,1
18087,0
18091,0
18097,4
18101,2
18103,1
18109,2
16023,1
16025,0
16029,1
16033,0
16041,1
16043,0
16047,0
16053,0
16055,1
16061,2
16065,1
16069,1
18007,1
18013,1
18015,1
18019,2
18025,0
18031,1
18035,1
18045,1
13137,1
13141,1
13147,1
13155,1
13159,1
13165,0
13171,1
13173,1
20091,1
20097,2
20099,2
20103,3
20109,1
20113,4
20119,1
20125,3
20131,2
20141,2
20143,1
20157,2
20165,1
20167,2
20171,0
20177,1
22057,2
22061,1
22063,1
22069,1
22075,1
22079,2
22081,1
22085,1
21111,3
21113,1
21123,1
21129,1
21135,1
21139,1
21145,2
21153,1
21159,1
21167,1
21171,2
21173,1
21179,1
19053,2
18003,4
13181,1
19061,3
19069,1
19075,3
19077,3
19089,2
19093,1
19101,2
19103,4
19107,3
19111,2
19127,1
19129,2
19135,1
19139,3
19145,3
20181,1
19153,5
19155,3
19159,2
19163,3
19171,5
19177,1
19183,1
19189,3
19193,3
20003,1
20009,2
20017,1
20019,1
13211,1
27081,3
27089,4
27091,3
27095,3
27097,1
27099,3
27105,2
27109,4
27111,8
27115,4
27117,3
27119,6
27129,4
27133,2
19059,1
27141,3
27145,12
27149,3
27157,3
27163,7
27171,7
28005,2
28009,1
28011,1
28015,1
28021,1
28031,1
28039,1
19149,4
28045,1
28051,1
28053,1
28059,3
28067,1
28073,0
23007,1
13215,2
13239,0
27077,0
45031,2
45035,2
45037,1
47011,1
47017,2
47021,1
47025,1
47033,1
47035,1
47041,1
47047,1
47049,1
47059,1
47061,1
27137,11
23015,3
23021,1
23023,1
23031,8
28041,1
31149,1
31151,3
31155,2
31161,1
31169,2
31173,1
31181,2
32005,1
32007,2
32013,1
32017,1
32023,2
23011,4
39105,1
39107,1
39117,1
39119,1
39125,1
39129,1
39133,2
39135,3
39139,4
39141,1
39149,1
39151,6
39157,3
39161,2
47065,2
47067,0
47071,1
47077,1
47083,0
47087,1
47095,1
47101,1
47107,1
47109,1
47111,1
47119,1
47125,1
47135,1
47137,1
24011,1
24013,2
24021,2
24023,1
24031,1
24033,0
24043,2
32031,4
32510,0
33003,4
33009,3
33015,10
33019,1
34003,19
34009,8
34013,19
39167,1
39171,3
39175,3
40003,1
40011,2
40013,1
40017,5
40025,1
40029,1
40035,1
40039,3
40045,3
40049,4
40055,1
37193,1
47141,1
48045,1
48049,1
48055,2
48061,4
48065,3
48067,2
48073,2
48077,1
48081,1
48085,11
48087,0
48091,4
24047,3
25007,2
25013,10
25015,7
25017,55
34017,11
34019,3
34021,7
34029,6
34033,1
34035,4
34041,1
35007,0
30055,1
30057,1
37195,1
37199,1
38005,1
38009,3
38017,2
38027,1
38029,1
38037,2
38039,1
38043,1
38047,2
38053,2
38059,4
38063,3
47001,2
47003,1
40065,1
40071,4
40083,1
40085,1
40091,2
40099,2
40101,1
40107,1
40111,3
40117,2
40119,3
40125,2
25021,23
25023,20
26003,1
26005,5
26007,1
30063,2
30065,1
30071,1
30077,1
30083,2
30087,1
30091,1
30097,1
30101,1
38065,1
38067,4
38071,1
38075,1
38081,1
38089,1
38093,1
38097,3
38101,2
39001,2
39005,2
39011,3
39013,2
39017,3
39019,1
42003,16
42007,1
48361,2
48369,2
48383,1
48385,0
48387,2
48395,2
48399,4
48403,1
48415,1
48417,1
48419,2
48423,2
48427,1
48431,0
26017,2
26019,1
26021,7
26027,3
26031,2
26033,1
30109,1
31007,0
31011,4
31013,2
31019,5
31025,1
31029,2
31033,1
31039,2
31045,2
31051,2
31057,1
31071,1
31075,1
39023,1
39025,1
39029,3
39033,4
39037,3
39041,4
39043,1
39049,19
35019,1
35021,0
35025,3
35033,0
35039,1
47143,1
47147,1
47149,2
47155,1
47161,1
47167,1
47175,0
47177,1
45055,2
45061,1
45065,1
45071,1
45073,3
26041,1
26043,1
26047,2
26051,1
26065,6
26069,2
17131,1
13191,1
31079,3
31081,1
31083,1
31087,1
31099,1
31101,1
31105,1
31109,3
31115,0
31119,4
28091,1
28097,1
28101,1
28109,2
28119,1
28121,1
28129,1
35041,1
35043,1
35049,3
35057,1
35061,1
36007,5
36011,2
36013,3
36019,3
36027,5
36033,3
36035,1
36039,2
40131,3
40135,1
40137,3
40143,12
40145,1
40149,2
41003,1
41005,8
41011,4
41013,1
41021,1
41027,1
26075,4
26079,1
26081,5
26087,2
26093,2
26095,1
26099,9
26101,1
26115,1
28137,1
28141,2
28143,1
28153,1
28155,1
28157,1
28163,1
29007,2
29017,1
29023,1
29029,1
29035,1
29041,2
29045,1
36041,1
36045,4
36051,3
36055,12
36059,44
36063,4
36071,11
36073,0
36075,6
48435,1
48437,1
48441,3
48447,1
48451,1
48453,8
48457,1
48467,5
48469,1
48477,1
48483,2
48485,4
48489,1
48499,2
49001,0
49007,1
26071,1
26125,19
26131,1
26135,0
26145,5
26147,4
26157,4
29047,2
29051,1
29055,2
29057,1
29061,2
29067,1
29073,3
29077,3
29079,1
29087,1
37011,1
37013,1
37019,2
37025,1
13223,1
36081,16
36087,1
36089,5
36093,1
36099,2
36103,27
36107,2
36117,2
42017,7
42023,1
45079,6
45083,2
45085,1
45089,1
46005,1
46011,4
46019,1
46023,4
46033,1
46039,1
46041,1
46045,3
46051,1
46059,1
26159,3
26163,32
27001,2
27003,5
27011,2
27017,2
27025,2
27035,4
27037,7
27041,3
27043,4
27045,4
27053,16
27059,2
37035,2
37037,1
37039,2
37041,1
37047,2
37059,1
37061,1
37065,0
37069,2
37071,2
37075,1
37077,2
37083,1
37087,2
42027,1
42029,4
42033,2
42039,2
42045,12
42049,4
42051,2
42055,4
42061,2
42067,2
42073,3
42079,7
41029,3
41033,2
41039,8
41043,4
41049,1
41051,6
41059,4
41065,1
41071,2
27063,3
27065,1
27069,2
29105,1
29111,1
29119,5
29125,2
29129,1
29139,1
29141,2
29147,3
29153,1
29157,0
29161,1
29167,2
37095,0
37099,2
37105,1
37111,1
37115,1
37121,1
37129,4
37135,1
37139,1
37143,1
37147,3
37153,1
42085,3
42089,1
42095,4
42101,13
42109,1
42111,3
42115,3
42119,0
42121,3
42125,2
42133,4
49009,0
49013,1
49019,1
49023,1
48001,2
48013,1
48015,4
48017,1
48023,1
48025,1
48029,4
48033,1
48035,2
48039,7
29171,1
29175,1
29177,1
29181,1
29186,1
29187,2
29197,0
29203,1
29207,3
29213,1
29219,2
29225,2
29510,0
30003,1
37159,1
37163,1
37169,1
37175,1
39061,5
39071,1
39077,5
39081,1
39087,1
39093,9
39099,7
39101,1
44001,4
44003,4
44005,5
45001,2
45003,2
45007,3
45017,1
45023,1
45025,1
46063,1
46065,1
46069,1
46075,1
46079,1
46085,1
46093,2
46097,1
46101,1
46102,0
46115,2
46117,0
46121,1
46127,4
30005,1
30009,1
30015,2
30019,1
30023,1
30029,4
30035,2
30041,1
31129,2
31133,1
31141,1
19007,2
19011,2
19015,3
19019,4
19023,4
19027,4
19033,3
17081,0
17091,4
17093,3
17099,0
17101,4
17105,2
17109,4
17111,2
17117,10
17125,3
17127,1
13185,1
13189,1
13195,1
13199,2
13205,2
13209,0
13213,1
13221,1
13229,1
13231,1
13235,1
13241,1
13247,1
13255,1
13257,1
13267,1
13269,0
20183,1
20187,1
20189,1
20197,2
20207,1
21191,1
21193,1
21201,0
21205,2
21207,2
21217,1
21221,1
21231,1
21233,2
21237,1
21239,1
22005,2
22091,1
22093,1
22097,2
22099,1
22103,1
22113,3
22117,2
21011,1
21013,2
21015,2
21027,1
21029,1
17133,1
17137,2
17141,6
17143,5
17147,2
17153,0
17159,1
17165,2
17167,12
17177,2
17183,4
17191,1
17195,5
17197,15
18001,2
13275,1
13279,1
13281,1
13289,0
13295,1
13301,0
20035,2
20041,2
20047,1
20051,2
20053,1
20057,5
20063,1
20073,2
20077,3
20079,2
20087,2
22011,1
22015,1
22017,4
22023,0
22031,1
22035,1
22041,1
22043,1
22049,1
22051,0
22055,1
21035,1
21039,1
21041,1
21045,1
21057,1
21065,2
21067,1
21071,1
21079,1
21083,1
21085,2
21091,1
21097,1
21101,1
21107,2
48267,1
48271,0
48277,2
48281,1
48285,4
48287,2
48291,4
48293,2
48295,1
48301,0
48305,2
48307,1
48317,1
48323,0
48327,1
48331,3
48333,1
51800,0
51810,0
51840,0
53001,2
53003,0
53005,1
53015,1
53017,1
53019,1
53023,1
53025,5
51600,0
55101,4
55107,1
55111,6
55113,2
55119,1
55123,5
55125,1
55133,6
55139,3
56003,3
56009,2
56017,1
56019,1
54023,1
54025,1
54027,1
54033,2
54037,2
54045,1
54051,1
54053,1
54059,1
54065,1
54069,1
54075,1
48341,1
54083,1
54087,2
54091,1
54093,1
54097,1
54099,1
54103,1
54105,1
54107,1
55011,1
55013,1
55019,4
55021,5
55023,2
53029,2
49039,3
49043,2
49045,1
49049,2
49057,1
50003,3
50007,10
50011,2
50015,2
50021,2
56023,2
51005,1
51011,1
51013,0
51015,2
51019,1
51025,1
51031,2
51033,0
51036,0
51045,1
51049,0
51051,1
54081,1
51061,1
51067,2
51069,1
51073,1
51081,0
51085,2
51091,0
51095,1
51103,1
49037,1
51119,1
50025,3
53037,2
53039,2
53059,1
53075,1
54017,1
54029,1
54043,3
54055,1
54073,2
54085,2
54095,1
51057,1
51115,0
22095,0
22111,2
21001,2
21005,1
21007,1
21019,1
21037,2
21049,1
21061,1
21069,1
21081,1
21093,2
21109,1
21125,1
21131,1
40037,3
40047,2
37183,3
37187,1
38003,2
38013,1
38025,1
38041,1
38055,3
38069,1
38087,0
38095,1
39009,2
39021,2
54109,1
55015,3
55027,3
49027,1
49033,0
49041,2
49055,0
50013,1
51003,1
51009,2
51023,1
51035,1
51053,2
51065,0
1003,4
1027,1
1041,1
1057,1
1073,4
1091,2
1103,2
1115,2
1129,1
21147,1
21165,0
21181,1
19041,1
19043,4
19049,2
19057,3
19073,3
19081,2
19091,1
19099,5
19115,3
19131,3
19147,5
19157,2
19165,2
19179,1
19187,2
19197,3
39031,1
39045,2
NANA,0
35017,2
35037,1
35059,1
36017,3
36031,4
36049,1
36065,6
36077,2
51079,1
12129,1
13011,0
13019,1
13027,1
13033,1
13039,1
13051,4
13061,0
5149,2
6011,1
6027,1
6047,11
6063,4
6077,7
6091,1
6107,5
8011,1
8019,1
8027,1
20013,2
20023,2
27071,1
27079,4
27087,1
27101,2
27107,3
27125,2
27131,3
27143,4
27159,4
27169,4
28007,1
28023,1
28035,2
28043,1
36091,3
36101,3
36113,4
42011,6
42019,1
42025,1
42037,1
42053,1
42057,1
42075,1
42081,3
42099,3
42117,2
42131,1
1005,1
1013,1
1019,1
6041,6
6053,8
6061,7
8041,4
8049,2
12085,1
12093,1
12105,6
12121,1
12133,1
13007,0
13021,1
13035,1
13047,1
13065,1
13075,1
28057,1
28069,1
22119,2
22125,2
23017,3
24015,1
24027,2
25001,9
25003,3
25027,24
26025,4
26039,1
26049,11
44007,8
45021,1
45033,1
45045,4
47009,1
47019,1
47037,5
47051,1
47063,1
47075,1
47085,1
47099,2
47113,1
47127,1
6019,9
6023,4
6035,2
6037,77
13085,1
13099,1
13117,1
8051,2
8055,1
8065,1
8079,1
8089,4
8101,2
8117,1
9005,5
12007,2
12019,2
12027,1
12035,2
26059,2
26063,2
26113,0
26119,1
26129,1
26137,1
26149,3
27005,5
27013,4
27023,2
27033,3
27047,2
27061,3
29095,9
47133,2
47145,1
47159,1
47165,4
45047,1
45051,6
45059,2
45069,1
45087,1
46015,1
46025,1
46037,2
46049,1
46057,4
46067,4
46077,3
51097,0
51109,1
1035,0
1039,3
1049,1
1053,3
1063,1
1069,1
1075,3
1077,2
12047,1
12067,1
12077,1
4001,1
4007,4
4019,8
5011,1
5023,1
5037,1
5039,1
5055,1
5065,3
5079,1
29099,1
29115,1
29121,1
29135,2
29145,3
29163,3
29173,1
29185,2
29201,1
29215,3
29223,1
30007,1
30021,1
30031,3
46091,2
46107,2
46119,1
46129,2
40057,0
40061,1
40069,1
40075,1
40093,1
40103,1
40115,2
40133,3
40141,1
41009,3
6067,10
6071,27
6111,5
8005,8
5109,2
5117,2
5135,0
13307,0
13311,1
13315,0
16005,2
16027,1
16039,2
16063,0
16075,1
17001,5
17017,1
30047,3
31123,2
31127,1
31143,1
31153,4
31167,1
31179,1
31185,2
32011,1
32027,1
33005,1
33017,2
34027,16
34037,6
41023,1
41047,5
41061,1
42009,1
48355,4
48363,1
48373,1
48389,1
48405,1
48413,1
48421,1
48439,7
48455,2
48471,1
13083,0
13089,1
13097,1
13105,1
13111,1
13121,11
8067,2
8071,1
5095,1
17025,2
17039,2
17045,1
17061,1
17069,1
18049,1
18053,4
18063,2
18075,2
18093,1
18099,4
18113,3
18119,2
18133,1
18145,1
18157,2
35011,0
30049,2
30053,4
30075,1
30085,2
31001,1
31005,1
31017,1
31027,4
31041,4
31059,1
31069,1
31077,2
31089,2
48481,3
48493,2
48503,2
49005,1
49017,0
47183,2
47187,1
48003,1
48019,1
48027,5
48041,1
48059,3
48075,1
48083,1
48089,4
6001,9
1105,1
1111,1
1113,0
1123,3
18165,2
19003,1
19013,3
19025,2
19035,1
17071,2
17075,4
17087,2
17095,3
17113,1
17123,2
17135,6
17151,1
17163,5
17187,2
17199,1
31107,6
28077,1
28081,3
28085,1
28087,2
28107,1
28123,2
28133,1
28145,1
28159,1
29003,1
29015,3
29027,1
29039,3
29049,1
29059,1
29071,3
48107,0
48119,1
48131,0
48143,1
48153,1
48163,1
48171,1
48173,0
48175,1
48183,3
48187,1
48205,0
48209,5
48219,1
48231,4
48241,3
48255,1
48269,0
48279,2
48289,5
8033,1
8039,2
8045,3
6079,6
6093,4
6097,9
6105,1
6017,4
18005,1
18017,2
18027,2
18041,1
18043,1
13127,2
13133,1
13143,1
13153,1
13163,1
13183,0
13193,0
13207,2
13219,1
13227,1
13237,1
13249,0
29083,3
29093,1
37003,1
37007,1
37009,2
37033,1
37045,2
37063,4
37073,0
37085,1
37097,2
37109,1
37123,1
37133,2
37145,1
48299,1
48313,1
48325,4
48335,1
48343,1
51127,0
51133,1
51167,1
51179,0
51590,0
51620,0
51680,0
51720,0
51740,0
51830,0
12086,10
12103,9
12123,2
13259,1
13271,1
13283,1
13297,1
20025,1
20031,1
20033,2
20045,1
20055,1
20069,2
20081,1
20093,1
20101,1
20111,1
20123,2
20133,2
20139,1
20151,1
20159,3
20169,1
37157,4
37173,1
37179,1
39059,1
39069,3
39083,1
39091,1
39103,3
39115,1
39127,1
39137,3
39153,9
39165,1
40005,1
40015,5
40027,2
53011,3
53035,5
55053,2
55067,1
55078,0
55087,2
55099,1
55109,5
55121,3
55135,5
56005,1
56015,2
56041,2
1127,1
1133,1
20179,1
20191,5
20209,1
21185,1
21197,1
21203,1
21215,1
21227,1
21235,2
22007,1
22021,1
22025,1
22047,1
NANA,0
22067,1
22083,2
48101,1
48105,1
48109,1
48111,1
48113,14
48121,8
48125,1
48133,3
48139,4
48145,2
48147,2
48151,1
48157,5
48181,4
48189,1
48193,2
48345,0
48347,1
48351,1
51135,1
51137,1
51139,1
51143,2
51153,2
51163,1
51169,1
51171,3
51181,0
51183,1
53033,26
55035,4
55037,1
55041,1
55043,6
55047,4
55049,2
55055,5
55057,1
55059,2
56027,1
56029,2
56035,2
56037,2
56043,1
53043,3
53051,2
53053,6
48197,1
48199,1
48201,26
48203,1
48211,1
48213,3
48215,7
48223,1
48235,0
48237,1
48239,1
48243,1
48249,1
48253,4
48259,2
51185,2
51191,1
51195,2
51520,0
51550,0
51580,0
51610,0
51640,0
51678,0
51683,0
51685,0
51710,0
51730,0
51750,0
51790,0
55065,1
55075,2
55077,1
55083,1
55085,2
55091,1
55093,4
55097,2
53063,5
53067,3
53069,1
53077,4
54003,1
54005,1
54009,1
54011,1
54015,1
54019,2
12037,1
12057,7
12065,1
8093,1
8099,1
8107,2
8113,2
8115,1
5125,2
5131,2
5139,1
18171,0
18177,1
19005,2
17059,2
17067,3
18061,2
18073,3
18081,3
18083,1
18089,4
18107,2
20121,1
20129,1
20137,1
20147,2
20153,0
20161,2
20175,1
22065,1
9001,28
5021,2
21119,1
21127,1
21133,2
21141,1
21149,1
21155,1
4015,3
21163,1
21177,2
19051,1
19065,3
19071,3
19083,4
19085,4
19097,3
19109,4
18111,3
19119,5
19133,2
19143,2
19167,6
19173,2
19185,3
19191,4
20001,1
20007,2
20011,1
22071,4
27075,1
21161,1
27123,9
27135,3
27151,3
27155,1
27165,2
27167,0
27173,2
28001,1
28019,1
28025,1
28027,1
19117,2
37053,0
37079,1
37089,2
42035,2
42041,3
20021,3
28055,0
28063,1
28071,1
23001,2
23003,4
22087,1
38015,1
38021,2
38023,1
38033,1
38049,2
28047,3
28105,1
28111,1
28113,2
28125,1
28131,1
35047,1
35051,2
35055,1
36001,4
36005,7
42043,4
42059,1
42065,3
42071,5
42077,7
42083,0
41035,1
23005,9
45029,1
45041,3
45043,3
47023,1
38051,2
38057,2
40067,1
40077,1
40079,4
40089,3
40095,1
40105,1
40113,6
36015,1
36023,1
36025,5
36029,19
40139,1
40151,3
41001,2
41007,2
41041,2
31139,3
31145,1
19029,3
19037,2
17083,1
17085,2
17097,12
17115,5
17119,6
47039,1
47043,1
47053,4
47055,3
23013,3
23019,6
23025,0
40121,1
40129,0
24045,2
25025,18
26001,1
41015,3
41025,1
26089,1
26105,1
28147,1
42107,3
42127,2
42129,10
49015,1
49021,1
49025,1
47029,1
23027,1
31157,3
31165,0
31175,1
31177,3
32001,1
32003,11
26011,1
30067,1
30073,2
30079,1
30081,2
30089,2
30095,1
26109,0
28149,1
28161,2
29005,3
29011,2
29019,3
29025,2
39085,1
39095,4
44009,6
45011,1
45013,3
32015,1
32019,1
32029,1
39111,1
39113,9
39123,2
39145,3
39155,1
30103,0
30105,1
38077,2
38085,0
38099,5
38105,2
29031,2
29037,2
36047,23
36053,3
36061,7
36067,7
41045,2
41055,0
41057,1
41063,1
41067,4
29101,2
29107,5
29113,3
29123,1
29127,3
39163,1
47073,1
47079,1
47089,1
47091,1
47097,2
47103,1
47115,2
47121,0
47123,1
47131,1
39007,5
48371,1
48377,1
48391,1
48401,2
48407,1
48409,4
36079,3
48443,0
48461,0
48465,1
48473,2
48479,1
48487,1
48495,1
48501,1
48505,1
49003,2
48005,2
48007,1
48037,1
48043,1
29183,1
29189,6
29199,1
24005,5
24025,2
26013,1
26029,1
30111,4
31015,2
31021,3
26121,2
26127,1
26139,2
26141,1
26151,7
26153,1
45019,4
46071,1
46081,1
46083,3
46089,2
46099,5
46105,2
46109,3
33001,4
33007,4
33011,12
33013,4
34001,11
34005,2
34011,3
31031,1
31043,1
31049,1
31055,4
31061,1
31067,2
39035,5
39051,5
39053,1
29063,2
29069,2
29081,1
29089,3
29091,2
37015,1
37023,1
37029,0
37031,1
29133,2
29143,2
29149,1
29155,2
29165,3
37101,3
37107,2
37113,1
37119,8
37125,1
40001,2
40007,1
40021,1
40023,2
40033,1
40041,2
40051,3
37189,3
48051,1
35023,1
35029,1
35031,1
35035,1
47153,1
47157,10
47163,0
47171,1
47181,1
45057,3
36085,1
36097,1
36105,1
36111,7
36115,4
36119,10
45091,2
46009,4
46013,3
46021,1
29209,1
29217,2
29227,1
30001,1
37171,3
37177,1
39067,1
39073,1
39079,3
48057,1
48071,2
48093,2
48097,2
24510,0
45063,4
45067,1
45077,2
26053,2
46027,1
46031,1
46047,2
46053,3
27007,2
27015,5
27021,4
27027,4
46123,1
46135,2
30011,1
30017,1
30025,1
30027,1
30033,1
30039,1
30045,1
31131,2
25005,16
25009,25
25019,1
34023,5
26055,1
31091,1
31095,1
31103,1
31111,3
28089,2
28093,1
27031,1
27049,4
27055,4
37049,3
37051,2
37131,0
37137,1
37149,1
37155,1
42091,16
42097,3
42103,2
34025,13
34039,7
35003,0
35005,1
35009,2
30061,1
38001,1
9011,7
10001,4
10003,4
12009,2
12075,3
5031,1
5035,1
5041,2
5057,1
5063,2
5069,2
5075,1
5077,1
4025,8
5005,1
5007,4
16073,1
16085,1
16087,2
17013,1
17021,5
17027,4
16031,1
16035,1
16037,1
16049,2
16059,1
18023,1
12021,5
12033,3
16007,1
16011,2
16013,1
5105,1
5107,1
5119,5
17031,106
18123,1
18129,2
18143,1
18147,1
18155,2
18163,1
18029,2
18037,3
18039,5
13135,1
13145,1
13151,1
13161,1
13167,2
13177,1
13179,1
20107,1
20117,3
17149,4
17157,4
17161,2
17171,1
17173,1
17181,2
17185,1
17193,1
17201,7
13287,1
13291,1
13299,1
21105,2
48273,1
48311,0
48315,1
48321,2
48337,3
54047,2
54057,1
54063,1
54071,1
54077,2
51059,0
51071,1
51077,1
51083,1
51089,1
51093,1
51099,1
51105,1
21033,1
13305,1
51117,2
53007,4
48117,1
48261,0
48135,1
48141,2
48155,1
48161,3
48165,1
51107,4
51131,0
51147,0
51149,0
51159,3
51161,1
51165,1
51175,1
51177,0
55061,1
56039,2
53047,4
48129,1
48167,2
48221,1
48225,1
48229,1
48245,2
48257,4
51193,1
51199,1
53031,1
55031,1
55051,1
53049,2
51570,0
51630,0
51650,0
51700,0
51735,0
51770,0
55071,3
55079,5
55089,2
53055,3
53061,10
53071,2
53073,4
22039,2
27139,6
31113,1
37043,1
39057,4
36009,2
47169,1
46073,1
48365,1
48207,1
51690,0
55131,3
54067,1
51087,1
1043,1
1109,1
9009,17
5049,2
5127,2
21117,0
19123,2
47015,1
38011,1
38083,1
48375,1
31065,3
28135,1
41019,4
29013,2
55001,1
53057,5
6085,18
13017,1
18047,1
22123,1
26067,1
37185,2
45015,2
13045,2
37093,1
20149,4
28033,1
42001,1
37161,1
21051,1
13245,3
13251,1
13261,1
13263,1
13273,0
20193,1
20199,1
20201,2
21195,1
21211,1
21213,1
21223,1
21225,2
20037,2
20043,1
20061,1
20067,1
20071,1
20083,1
20089,1
22019,5
22027,2
22029,1
22037,1
53009,3
53027,4
55105,6
55117,4
55127,7
55009,2
49047,1
49053,1
50001,3
50009,0
50017,2
50023,4
22003,2
22009,2
22101,2
22107,1
22109,2
21021,1
21023,1
22045,1
21047,2
21055,1
21059,1
21073,1
21075,1
21089,1
21095,2
55137,1
56001,1
56007,2
56011,2
56013,4
56021,2
54031,1
54035,2
54041,1
50027,1
51001,1
51021,1
51027,1
51037,2
51041,1
2050,0
2105,0
2122,0
2150,0
2164,0
2180,0
2188,0
2198,0
2261,0
2158,0
2070,0
2110,0
2130,0
2185,0
NANA,0
2220,0
2230,0
2020,0
2068,0
2013,0
2275,0
2240,0
2090,0
2100,0
2170,0
2016,0
2060,0
2290,0
2282,0
15009,4
15001,2
15007,1
15005,0
15003,1
